{
  "GET_STEP4_/step/4" : {
    "transaction" : "GET_STEP4_/step/4",
    "sampleCount" : 26,
    "errorCount" : 0,
    "errorPct" : 0.0,
    "meanResTime" : 248.49999999999997,
    "medianResTime" : 240.0,
    "minResTime" : 234.0,
    "maxResTime" : 315.0,
    "pct1ResTime" : 301.2,
    "pct2ResTime" : 311.15,
    "pct3ResTime" : 315.0,
    "throughput" : 0.5096540233264726,
    "receivedKBytesPerSec" : 1.018159487405665,
    "sentKBytesPerSec" : 0.7642130378320102
  },
  "GET_STEP3_/step/3" : {
    "transaction" : "GET_STEP3_/step/3",
    "sampleCount" : 27,
    "errorCount" : 0,
    "errorPct" : 0.0,
    "meanResTime" : 256.8148148148147,
    "medianResTime" : 252.0,
    "minResTime" : 238.0,
    "maxResTime" : 335.0,
    "pct1ResTime" : 279.0,
    "pct2ResTime" : 314.1999999999999,
    "pct3ResTime" : 335.0,
    "throughput" : 0.5124701059104886,
    "receivedKBytesPerSec" : 1.5125912540807804,
    "sentKBytesPerSec" : 0.7284274700584595
  },
  "GET_STEP2_/step/2" : {
    "transaction" : "GET_STEP2_/step/2",
    "sampleCount" : 29,
    "errorCount" : 0,
    "errorPct" : 0.0,
    "meanResTime" : 245.51724137931035,
    "medianResTime" : 244.0,
    "minResTime" : 235.0,
    "maxResTime" : 272.0,
    "pct1ResTime" : 258.0,
    "pct2ResTime" : 265.5,
    "pct3ResTime" : 272.0,
    "throughput" : 0.5243269630620694,
    "receivedKBytesPerSec" : 1.2388672334068598,
    "sentKBytesPerSec" : 0.7419078212858667
  },
  "GET_STEP5_/step/5" : {
    "transaction" : "GET_STEP5_/step/5",
    "sampleCount" : 26,
    "errorCount" : 0,
    "errorPct" : 0.0,
    "meanResTime" : 243.5769230769231,
    "medianResTime" : 239.0,
    "minResTime" : 233.0,
    "maxResTime" : 299.0,
    "pct1ResTime" : 262.6,
    "pct2ResTime" : 294.09999999999997,
    "pct3ResTime" : 299.0,
    "throughput" : 0.5095641266854813,
    "receivedKBytesPerSec" : 1.0727565091917528,
    "sentKBytesPerSec" : 0.764078240141894
  },
  "POST_STEP5_/start" : {
    "transaction" : "POST_STEP5_/start",
    "sampleCount" : 26,
    "errorCount" : 0,
    "errorPct" : 0.0,
    "meanResTime" : 241.88461538461542,
    "medianResTime" : 234.5,
    "minResTime" : 230.0,
    "maxResTime" : 300.0,
    "pct1ResTime" : 292.9,
    "pct2ResTime" : 298.25,
    "pct3ResTime" : 300.0,
    "throughput" : 0.5096939875713081,
    "receivedKBytesPerSec" : 0.5629530272882319,
    "sentKBytesPerSec" : 1.1268632623355745
  },
  "GET_openStartPage_/" : {
    "transaction" : "GET_openStartPage_/",
    "sampleCount" : 29,
    "errorCount" : 0,
    "errorPct" : 0.0,
    "meanResTime" : 386.17241379310343,
    "medianResTime" : 237.0,
    "minResTime" : 232.0,
    "maxResTime" : 1528.0,
    "pct1ResTime" : 976.0,
    "pct2ResTime" : 1291.5,
    "pct3ResTime" : 1528.0,
    "throughput" : 0.5065944623984627,
    "receivedKBytesPerSec" : 1.5934456611931174,
    "sentKBytesPerSec" : 0.34432592366145515
  },
  "Total" : {
    "transaction" : "Total",
    "sampleCount" : 321,
    "errorCount" : 0,
    "errorPct" : 0.0,
    "meanResTime" : 258.9408099688475,
    "medianResTime" : 237.0,
    "minResTime" : 228.0,
    "maxResTime" : 1528.0,
    "pct1ResTime" : 273.0,
    "pct2ResTime" : 310.39999999999986,
    "pct3ResTime" : 972.9199999999996,
    "throughput" : 5.452136694068891,
    "receivedKBytesPerSec" : 9.638802578724778,
    "sentKBytesPerSec" : 8.65165772131259
  },
  "POST_STEP2_/start" : {
    "transaction" : "POST_STEP2_/start",
    "sampleCount" : 29,
    "errorCount" : 0,
    "errorPct" : 0.0,
    "meanResTime" : 245.75862068965515,
    "medianResTime" : 234.0,
    "minResTime" : 228.0,
    "maxResTime" : 372.0,
    "pct1ResTime" : 268.0,
    "pct2ResTime" : 356.0,
    "pct3ResTime" : 372.0,
    "throughput" : 0.5235224031483554,
    "receivedKBytesPerSec" : 0.578226404258584,
    "sentKBytesPerSec" : 0.9317133286095968
  },
  "POST_STEP3_/start" : {
    "transaction" : "POST_STEP3_/start",
    "sampleCount" : 28,
    "errorCount" : 0,
    "errorPct" : 0.0,
    "meanResTime" : 240.78571428571428,
    "medianResTime" : 234.0,
    "minResTime" : 230.0,
    "maxResTime" : 322.0,
    "pct1ResTime" : 266.00000000000006,
    "pct2ResTime" : 317.04999999999995,
    "pct3ResTime" : 322.0,
    "throughput" : 0.5209205410131904,
    "receivedKBytesPerSec" : 0.5753526678573422,
    "sentKBytesPerSec" : 0.9421699712563487
  },
  "POST_STEP4_/start" : {
    "transaction" : "POST_STEP4_/start",
    "sampleCount" : 27,
    "errorCount" : 0,
    "errorPct" : 0.0,
    "meanResTime" : 251.4814814814815,
    "medianResTime" : 235.0,
    "minResTime" : 230.0,
    "maxResTime" : 434.0,
    "pct1ResTime" : 304.2,
    "pct2ResTime" : 390.39999999999975,
    "pct3ResTime" : 434.0,
    "throughput" : 0.5134641716111364,
    "receivedKBytesPerSec" : 0.5671171661056594,
    "sentKBytesPerSec" : 1.0464655360946296
  },
  "POST_STEPDONE_/start" : {
    "transaction" : "POST_STEPDONE_/start",
    "sampleCount" : 25,
    "errorCount" : 0,
    "errorPct" : 0.0,
    "meanResTime" : 239.32000000000005,
    "medianResTime" : 234.0,
    "minResTime" : 229.0,
    "maxResTime" : 275.0,
    "pct1ResTime" : 263.0,
    "pct2ResTime" : 272.3,
    "pct3ResTime" : 275.0,
    "throughput" : 0.5216592938819797,
    "receivedKBytesPerSec" : 0.5761686146294133,
    "sentKBytesPerSec" : 1.0003020733348635
  },
  "GET_STEPDONE_/done" : {
    "transaction" : "GET_STEPDONE_/done",
    "sampleCount" : 24,
    "errorCount" : 0,
    "errorPct" : 0.0,
    "meanResTime" : 247.62500000000003,
    "medianResTime" : 236.0,
    "minResTime" : 231.0,
    "maxResTime" : 350.0,
    "pct1ResTime" : 286.0,
    "pct2ResTime" : 338.75,
    "pct3ResTime" : 350.0,
    "throughput" : 0.5357740819287867,
    "receivedKBytesPerSec" : 1.0255050786918183,
    "sentKBytesPerSec" : 0.8090676972876437
  },
  "GET_STEP5_/code" : {
    "transaction" : "GET_STEP5_/code",
    "sampleCount" : 25,
    "errorCount" : 0,
    "errorPct" : 0.0,
    "meanResTime" : 247.96,
    "medianResTime" : 237.0,
    "minResTime" : 230.0,
    "maxResTime" : 334.0,
    "pct1ResTime" : 294.2000000000001,
    "pct2ResTime" : 329.8,
    "pct3ResTime" : 334.0,
    "throughput" : 0.5202805352646147,
    "receivedKBytesPerSec" : 0.5482252905766789,
    "sentKBytesPerSec" : 0.6937412527835009
  }
}