{
  "STEP5 /step/5" : {
    "transaction" : "STEP5 /step/5",
    "sampleCount" : 25,
    "errorCount" : 0,
    "errorPct" : 0.0,
    "meanResTime" : 270.28000000000003,
    "medianResTime" : 257.0,
    "minResTime" : 236.0,
    "maxResTime" : 391.0,
    "pct1ResTime" : 344.8,
    "pct2ResTime" : 379.29999999999995,
    "pct3ResTime" : 391.0,
    "throughput" : 0.5163902257658067,
    "receivedKBytesPerSec" : 1.0874250265940968,
    "sentKBytesPerSec" : 0.7488666848263896
  },
  "STEP2 /step/2" : {
    "transaction" : "STEP2 /step/2",
    "sampleCount" : 28,
    "errorCount" : 0,
    "errorPct" : 0.0,
    "meanResTime" : 289.25,
    "medianResTime" : 255.5,
    "minResTime" : 237.0,
    "maxResTime" : 568.0,
    "pct1ResTime" : 426.00000000000006,
    "pct2ResTime" : 524.3499999999997,
    "pct3ResTime" : 568.0,
    "throughput" : 0.5105576018380074,
    "receivedKBytesPerSec" : 1.2067158553207395,
    "sentKBytesPerSec" : 0.72309999635316
  },
  "OpenStartPage /" : {
    "transaction" : "OpenStartPage /",
    "sampleCount" : 29,
    "errorCount" : 0,
    "errorPct" : 0.0,
    "meanResTime" : 448.7931034482759,
    "medianResTime" : 253.0,
    "minResTime" : 238.0,
    "maxResTime" : 1901.0,
    "pct1ResTime" : 1192.0,
    "pct2ResTime" : 1572.5,
    "pct3ResTime" : 1901.0,
    "throughput" : 0.4886597243285142,
    "receivedKBytesPerSec" : 1.537839929186466,
    "sentKBytesPerSec" : 0.332135906379537
  },
  "STEP4 /step/4" : {
    "transaction" : "STEP4 /step/4",
    "sampleCount" : 25,
    "errorCount" : 0,
    "errorPct" : 0.0,
    "meanResTime" : 265.56000000000006,
    "medianResTime" : 255.0,
    "minResTime" : 237.0,
    "maxResTime" : 351.0,
    "pct1ResTime" : 303.0,
    "pct2ResTime" : 337.49999999999994,
    "pct3ResTime" : 351.0,
    "throughput" : 0.5162622612287042,
    "receivedKBytesPerSec" : 1.033956343572535,
    "sentKBytesPerSec" : 0.7486811112545173
  },
  "STEPDONE /done" : {
    "transaction" : "STEPDONE /done",
    "sampleCount" : 24,
    "errorCount" : 0,
    "errorPct" : 0.0,
    "meanResTime" : 268.125,
    "medianResTime" : 246.5,
    "minResTime" : 233.0,
    "maxResTime" : 433.0,
    "pct1ResTime" : 363.0,
    "pct2ResTime" : 426.25,
    "pct3ResTime" : 433.0,
    "throughput" : 0.5206186685177553,
    "receivedKBytesPerSec" : 0.996496670209766,
    "sentKBytesPerSec" : 0.7539819193474914
  },
  "Total" : {
    "transaction" : "Total",
    "sampleCount" : 314,
    "errorCount" : 0,
    "errorPct" : 0.0,
    "meanResTime" : 289.407643312102,
    "medianResTime" : 254.0,
    "minResTime" : 232.0,
    "maxResTime" : 1901.0,
    "pct1ResTime" : 343.0,
    "pct2ResTime" : 409.0,
    "pct3ResTime" : 1184.050000000001,
    "throughput" : 5.2633343390660094,
    "receivedKBytesPerSec" : 9.305237117193,
    "sentKBytesPerSec" : 8.178404012244796
  },
  "STEP5 /code" : {
    "transaction" : "STEP5 /code",
    "sampleCount" : 25,
    "errorCount" : 0,
    "errorPct" : 0.0,
    "meanResTime" : 254.51999999999998,
    "medianResTime" : 243.0,
    "minResTime" : 232.0,
    "maxResTime" : 344.0,
    "pct1ResTime" : 321.4000000000001,
    "pct2ResTime" : 343.7,
    "pct3ResTime" : 344.0,
    "throughput" : 0.5171272546748304,
    "receivedKBytesPerSec" : 0.5449026443302167,
    "sentKBytesPerSec" : 0.6575192242056925
  },
  "STEPDONE /start" : {
    "transaction" : "STEPDONE /start",
    "sampleCount" : 25,
    "errorCount" : 0,
    "errorPct" : 0.0,
    "meanResTime" : 258.35999999999996,
    "medianResTime" : 247.0,
    "minResTime" : 233.0,
    "maxResTime" : 365.0,
    "pct1ResTime" : 300.40000000000003,
    "pct2ResTime" : 346.69999999999993,
    "pct3ResTime" : 365.0,
    "throughput" : 0.5174055217517282,
    "receivedKBytesPerSec" : 0.571470356544145,
    "sentKBytesPerSec" : 0.9603531551388717
  },
  "STEP2 /start" : {
    "transaction" : "STEP2 /start",
    "sampleCount" : 29,
    "errorCount" : 0,
    "errorPct" : 0.0,
    "meanResTime" : 273.10344827586204,
    "medianResTime" : 248.0,
    "minResTime" : 233.0,
    "maxResTime" : 448.0,
    "pct1ResTime" : 339.0,
    "pct2ResTime" : 419.5,
    "pct3ResTime" : 448.0,
    "throughput" : 0.5101771546188625,
    "receivedKBytesPerSec" : 0.5634866815175131,
    "sentKBytesPerSec" : 0.9087186966732931
  },
  "STEP3 /start" : {
    "transaction" : "STEP3 /start",
    "sampleCount" : 28,
    "errorCount" : 0,
    "errorPct" : 0.0,
    "meanResTime" : 276.14285714285717,
    "medianResTime" : 258.5,
    "minResTime" : 233.0,
    "maxResTime" : 454.0,
    "pct1ResTime" : 347.80000000000007,
    "pct2ResTime" : 425.6499999999998,
    "pct3ResTime" : 454.0,
    "throughput" : 0.5106041541295111,
    "receivedKBytesPerSec" : 0.5639582991410909,
    "sentKBytesPerSec" : 0.9239741187519375
  },
  "STEP3 /step/3" : {
    "transaction" : "STEP3 /step/3",
    "sampleCount" : 26,
    "errorCount" : 0,
    "errorPct" : 0.0,
    "meanResTime" : 291.61538461538464,
    "medianResTime" : 279.0,
    "minResTime" : 246.0,
    "maxResTime" : 437.0,
    "pct1ResTime" : 368.1000000000001,
    "pct2ResTime" : 431.75,
    "pct3ResTime" : 437.0,
    "throughput" : 0.4889515749882463,
    "receivedKBytesPerSec" : 1.4461756582040433,
    "sentKBytesPerSec" : 0.6957055124588623
  },
  "STEP4 /start" : {
    "transaction" : "STEP4 /start",
    "sampleCount" : 25,
    "errorCount" : 0,
    "errorPct" : 0.0,
    "meanResTime" : 268.8799999999999,
    "medianResTime" : 248.0,
    "minResTime" : 234.0,
    "maxResTime" : 378.0,
    "pct1ResTime" : 356.40000000000003,
    "pct2ResTime" : 373.5,
    "pct3ResTime" : 378.0,
    "throughput" : 0.5159639238024478,
    "receivedKBytesPerSec" : 0.5698781228716487,
    "sentKBytesPerSec" : 1.026203872825212
  },
  "STEP5 /start" : {
    "transaction" : "STEP5 /start",
    "sampleCount" : 25,
    "errorCount" : 0,
    "errorPct" : 0.0,
    "meanResTime" : 286.03999999999996,
    "medianResTime" : 268.0,
    "minResTime" : 235.0,
    "maxResTime" : 467.0,
    "pct1ResTime" : 366.20000000000016,
    "pct2ResTime" : 448.09999999999997,
    "pct3ResTime" : 467.0,
    "throughput" : 0.516219620475335,
    "receivedKBytesPerSec" : 0.5701605378492226,
    "sentKBytesPerSec" : 1.1159417975283403
  }
}