{
  "GET_STEP4_/step/4" : {
    "transaction" : "GET_STEP4_/step/4",
    "sampleCount" : 25,
    "errorCount" : 0,
    "errorPct" : 0.0,
    "meanResTime" : 253.16,
    "medianResTime" : 251.0,
    "minResTime" : 232.0,
    "maxResTime" : 311.0,
    "pct1ResTime" : 274.4,
    "pct2ResTime" : 300.2,
    "pct3ResTime" : 311.0,
    "throughput" : 0.49188391539596654,
    "receivedKBytesPerSec" : 0.9831721901131333,
    "sentKBytesPerSec" : 0.7379219441711755
  },
  "GET_STEP3_/step/3" : {
    "transaction" : "GET_STEP3_/step/3",
    "sampleCount" : 25,
    "errorCount" : 0,
    "errorPct" : 0.0,
    "meanResTime" : 255.72000000000003,
    "medianResTime" : 252.0,
    "minResTime" : 240.0,
    "maxResTime" : 290.0,
    "pct1ResTime" : 283.20000000000005,
    "pct2ResTime" : 289.4,
    "pct3ResTime" : 290.0,
    "throughput" : 0.48888280501398207,
    "receivedKBytesPerSec" : 1.445450762168293,
    "sentKBytesPerSec" : 0.69522572330211
  },
  "GET_STEP2_/step/2" : {
    "transaction" : "GET_STEP2_/step/2",
    "sampleCount" : 25,
    "errorCount" : 0,
    "errorPct" : 0.0,
    "meanResTime" : 260.71999999999997,
    "medianResTime" : 255.0,
    "minResTime" : 234.0,
    "maxResTime" : 453.0,
    "pct1ResTime" : 272.6,
    "pct2ResTime" : 399.5999999999999,
    "pct3ResTime" : 453.0,
    "throughput" : 0.4865422415974155,
    "receivedKBytesPerSec" : 1.149456045773894,
    "sentKBytesPerSec" : 0.6890464441060272
  },
  "GET_STEP5_/step/5" : {
    "transaction" : "GET_STEP5_/step/5",
    "sampleCount" : 24,
    "errorCount" : 0,
    "errorPct" : 0.0,
    "meanResTime" : 821.2083333333331,
    "medianResTime" : 738.5,
    "minResTime" : 710.0,
    "maxResTime" : 1410.0,
    "pct1ResTime" : 1093.5,
    "pct2ResTime" : 1344.0,
    "pct3ResTime" : 1410.0,
    "throughput" : 0.4837539305006853,
    "receivedKBytesPerSec" : 1.0183516273784567,
    "sentKBytesPerSec" : 0.7257096317423204
  },
  "POST_STEP5_/start" : {
    "transaction" : "POST_STEP5_/start",
    "sampleCount" : 24,
    "errorCount" : 0,
    "errorPct" : 0.0,
    "meanResTime" : 262.625,
    "medianResTime" : 252.5,
    "minResTime" : 235.0,
    "maxResTime" : 366.0,
    "pct1ResTime" : 307.0,
    "pct2ResTime" : 356.25,
    "pct3ResTime" : 366.0,
    "throughput" : 0.48884815154292705,
    "receivedKBytesPerSec" : 0.5375420103880232,
    "sentKBytesPerSec" : 1.0779085828495774
  },
  "GET_/" : {
    "transaction" : "GET_/",
    "sampleCount" : 27,
    "errorCount" : 0,
    "errorPct" : 0.0,
    "meanResTime" : 430.1481481481482,
    "medianResTime" : 253.0,
    "minResTime" : 234.0,
    "maxResTime" : 1698.0,
    "pct1ResTime" : 1186.4,
    "pct2ResTime" : 1495.599999999999,
    "pct3ResTime" : 1698.0,
    "throughput" : 0.45781334780249594,
    "receivedKBytesPerSec" : 1.4405853387394874,
    "sentKBytesPerSec" : 0.31117000983450893
  },
  "Total" : {
    "transaction" : "Total",
    "sampleCount" : 295,
    "errorCount" : 0,
    "errorPct" : 0.0,
    "meanResTime" : 317.28813559322055,
    "medianResTime" : 251.0,
    "minResTime" : 230.0,
    "maxResTime" : 1698.0,
    "pct1ResTime" : 555.8000000000088,
    "pct2ResTime" : 757.5999999999999,
    "pct3ResTime" : 1200.7200000000043,
    "throughput" : 4.952489675318135,
    "receivedKBytesPerSec" : 8.76815934740456,
    "sentKBytesPerSec" : 7.844961366383507
  },
  "POST_STEP2_/start" : {
    "transaction" : "POST_STEP2_/start",
    "sampleCount" : 25,
    "errorCount" : 0,
    "errorPct" : 0.0,
    "meanResTime" : 247.48,
    "medianResTime" : 242.0,
    "minResTime" : 230.0,
    "maxResTime" : 299.0,
    "pct1ResTime" : 274.20000000000005,
    "pct2ResTime" : 293.9,
    "pct3ResTime" : 299.0,
    "throughput" : 0.48612596496004046,
    "receivedKBytesPerSec" : 0.5369223304392634,
    "sentKBytesPerSec" : 0.8657979393120345
  },
  "POST_STEP3_/start" : {
    "transaction" : "POST_STEP3_/start",
    "sampleCount" : 25,
    "errorCount" : 0,
    "errorPct" : 0.0,
    "meanResTime" : 246.32000000000002,
    "medianResTime" : 243.0,
    "minResTime" : 230.0,
    "maxResTime" : 280.0,
    "pct1ResTime" : 265.2,
    "pct2ResTime" : 276.09999999999997,
    "pct3ResTime" : 280.0,
    "throughput" : 0.48853887792390516,
    "receivedKBytesPerSec" : 0.5395873739569694,
    "sentKBytesPerSec" : 0.8834538599456745
  },
  "POST_STEP4_/start" : {
    "transaction" : "POST_STEP4_/start",
    "sampleCount" : 25,
    "errorCount" : 0,
    "errorPct" : 0.0,
    "meanResTime" : 250.88000000000002,
    "medianResTime" : 242.0,
    "minResTime" : 230.0,
    "maxResTime" : 341.0,
    "pct1ResTime" : 291.4000000000001,
    "pct2ResTime" : 336.2,
    "pct3ResTime" : 341.0,
    "throughput" : 0.4908312718419916,
    "receivedKBytesPerSec" : 0.5421193051301685,
    "sentKBytesPerSec" : 1.0002412742470648
  },
  "POST_STEPDONE_/start" : {
    "transaction" : "POST_STEPDONE_/start",
    "sampleCount" : 23,
    "errorCount" : 0,
    "errorPct" : 0.0,
    "meanResTime" : 247.56521739130432,
    "medianResTime" : 250.0,
    "minResTime" : 231.0,
    "maxResTime" : 267.0,
    "pct1ResTime" : 262.8,
    "pct2ResTime" : 266.8,
    "pct3ResTime" : 267.0,
    "throughput" : 0.49123256658337067,
    "receivedKBytesPerSec" : 0.5406436548236903,
    "sentKBytesPerSec" : 0.9420018528010936
  },
  "GET_STEPDONE_/done" : {
    "transaction" : "GET_STEPDONE_/done",
    "sampleCount" : 23,
    "errorCount" : 0,
    "errorPct" : 0.0,
    "meanResTime" : 256.4347826086956,
    "medianResTime" : 252.0,
    "minResTime" : 234.0,
    "maxResTime" : 320.0,
    "pct1ResTime" : 291.80000000000007,
    "pct2ResTime" : 317.79999999999995,
    "pct3ResTime" : 320.0,
    "throughput" : 0.49130601956679626,
    "receivedKBytesPerSec" : 0.940390428077071,
    "sentKBytesPerSec" : 0.7422993121715726
  },
  "GET_STEP5_/code" : {
    "transaction" : "GET_STEP5_/code",
    "sampleCount" : 24,
    "errorCount" : 0,
    "errorPct" : 0.0,
    "meanResTime" : 271.875,
    "medianResTime" : 250.0,
    "minResTime" : 234.0,
    "maxResTime" : 428.0,
    "pct1ResTime" : 319.0,
    "pct2ResTime" : 400.75,
    "pct3ResTime" : 428.0,
    "throughput" : 0.4887286944834749,
    "receivedKBytesPerSec" : 0.5149787708473333,
    "sentKBytesPerSec" : 0.6520359877410552
  }
}