{
  "STEP5_/step/5" : {
    "transaction" : "STEP5_/step/5",
    "sampleCount" : 23,
    "errorCount" : 0,
    "errorPct" : 0.0,
    "meanResTime" : 246.04347826086956,
    "medianResTime" : 241.0,
    "minResTime" : 235.0,
    "maxResTime" : 350.0,
    "pct1ResTime" : 254.8,
    "pct2ResTime" : 331.59999999999974,
    "pct3ResTime" : 350.0,
    "throughput" : 0.47472600053664676,
    "receivedKBytesPerSec" : 0.9994401329232802,
    "sentKBytesPerSec" : 0.7121494703193049
  },
  "STEP3_/step/3" : {
    "transaction" : "STEP3_/step/3",
    "sampleCount" : 24,
    "errorCount" : 0,
    "errorPct" : 0.0,
    "meanResTime" : 263.25,
    "medianResTime" : 255.0,
    "minResTime" : 240.0,
    "maxResTime" : 332.0,
    "pct1ResTime" : 309.5,
    "pct2ResTime" : 332.0,
    "pct3ResTime" : 332.0,
    "throughput" : 0.47685277170673557,
    "receivedKBytesPerSec" : 1.4093506295946752,
    "sentKBytesPerSec" : 0.6781026475263263
  },
  "STEPDONE_/start" : {
    "transaction" : "STEPDONE_/start",
    "sampleCount" : 22,
    "errorCount" : 0,
    "errorPct" : 0.0,
    "meanResTime" : 258.6363636363636,
    "medianResTime" : 239.0,
    "minResTime" : 230.0,
    "maxResTime" : 433.0,
    "pct1ResTime" : 373.4,
    "pct2ResTime" : 425.4999999999999,
    "pct3ResTime" : 433.0,
    "throughput" : 0.47263040302483456,
    "receivedKBytesPerSec" : 0.5220165877159061,
    "sentKBytesPerSec" : 0.9070777745552977
  },
  "openStartPage_/" : {
    "transaction" : "openStartPage_/",
    "sampleCount" : 25,
    "errorCount" : 0,
    "errorPct" : 0.0,
    "meanResTime" : 481.5199999999999,
    "medianResTime" : 254.0,
    "minResTime" : 234.0,
    "maxResTime" : 2122.0,
    "pct1ResTime" : 1289.8,
    "pct2ResTime" : 1872.6999999999994,
    "pct3ResTime" : 2122.0,
    "throughput" : 0.4539182220931077,
    "receivedKBytesPerSec" : 1.4280515503576876,
    "sentKBytesPerSec" : 0.3085225415789091
  },
  "STEPDONE_/done" : {
    "transaction" : "STEPDONE_/done",
    "sampleCount" : 20,
    "errorCount" : 0,
    "errorPct" : 0.0,
    "meanResTime" : 255.35,
    "medianResTime" : 241.0,
    "minResTime" : 234.0,
    "maxResTime" : 383.0,
    "pct1ResTime" : 284.6,
    "pct2ResTime" : 378.0999999999999,
    "pct3ResTime" : 383.0,
    "throughput" : 0.4978096375945838,
    "receivedKBytesPerSec" : 0.952838759458383,
    "sentKBytesPerSec" : 0.7520620208582238
  },
  "STEP4_/step/4" : {
    "transaction" : "STEP4_/step/4",
    "sampleCount" : 23,
    "errorCount" : 0,
    "errorPct" : 0.0,
    "meanResTime" : 259.9565217391305,
    "medianResTime" : 248.0,
    "minResTime" : 233.0,
    "maxResTime" : 379.0,
    "pct1ResTime" : 297.6,
    "pct2ResTime" : 363.19999999999976,
    "pct3ResTime" : 379.0,
    "throughput" : 0.4744322283875493,
    "receivedKBytesPerSec" : 0.9484212880835001,
    "sentKBytesPerSec" : 0.7117087746756328
  },
  "STEP3_/start" : {
    "transaction" : "STEP3_/start",
    "sampleCount" : 25,
    "errorCount" : 0,
    "errorPct" : 0.0,
    "meanResTime" : 248.51999999999998,
    "medianResTime" : 241.0,
    "minResTime" : 234.0,
    "maxResTime" : 294.0,
    "pct1ResTime" : 283.0,
    "pct2ResTime" : 290.7,
    "pct3ResTime" : 294.0,
    "throughput" : 0.47934961843770374,
    "receivedKBytesPerSec" : 0.5294379086455497,
    "sentKBytesPerSec" : 0.8675291863998925
  },
  "STEP2_/start" : {
    "transaction" : "STEP2_/start",
    "sampleCount" : 25,
    "errorCount" : 0,
    "errorPct" : 0.0,
    "meanResTime" : 250.07999999999998,
    "medianResTime" : 242.0,
    "minResTime" : 231.0,
    "maxResTime" : 329.0,
    "pct1ResTime" : 284.80000000000007,
    "pct2ResTime" : 319.7,
    "pct3ResTime" : 329.0,
    "throughput" : 0.4780388932443544,
    "receivedKBytesPerSec" : 0.5279902229095359,
    "sentKBytesPerSec" : 0.8516188189571104
  },
  "Total" : {
    "transaction" : "Total",
    "sampleCount" : 281,
    "errorCount" : 0,
    "errorPct" : 0.0,
    "meanResTime" : 272.7651245551604,
    "medianResTime" : 244.0,
    "minResTime" : 230.0,
    "maxResTime" : 2122.0,
    "pct1ResTime" : 287.8,
    "pct2ResTime" : 331.69999999999993,
    "pct3ResTime" : 1289.3600000000001,
    "throughput" : 4.835906173094464,
    "receivedKBytesPerSec" : 8.53480029299396,
    "sentKBytesPerSec" : 7.691377141523397
  },
  "STEP4_/start" : {
    "transaction" : "STEP4_/start",
    "sampleCount" : 24,
    "errorCount" : 0,
    "errorPct" : 0.0,
    "meanResTime" : 244.625,
    "medianResTime" : 238.5,
    "minResTime" : 230.0,
    "maxResTime" : 272.0,
    "pct1ResTime" : 262.0,
    "pct2ResTime" : 270.0,
    "pct3ResTime" : 272.0,
    "throughput" : 0.47847843856536215,
    "receivedKBytesPerSec" : 0.5284756972826412,
    "sentKBytesPerSec" : 0.9757642571622241
  },
  "STEP5_/start" : {
    "transaction" : "STEP5_/start",
    "sampleCount" : 23,
    "errorCount" : 0,
    "errorPct" : 0.0,
    "meanResTime" : 243.47826086956522,
    "medianResTime" : 236.0,
    "minResTime" : 231.0,
    "maxResTime" : 311.0,
    "pct1ResTime" : 280.6,
    "pct2ResTime" : 307.79999999999995,
    "pct3ResTime" : 311.0,
    "throughput" : 0.474765197646816,
    "receivedKBytesPerSec" : 0.5243744516978016,
    "sentKBytesPerSec" : 1.0502204497368148
  },
  "STEP2_/step/2" : {
    "transaction" : "STEP2_/step/2",
    "sampleCount" : 25,
    "errorCount" : 0,
    "errorPct" : 0.0,
    "meanResTime" : 258.68000000000006,
    "medianResTime" : 252.0,
    "minResTime" : 235.0,
    "maxResTime" : 336.0,
    "pct1ResTime" : 290.6,
    "pct2ResTime" : 324.9,
    "pct3ResTime" : 336.0,
    "throughput" : 0.47873460868233086,
    "receivedKBytesPerSec" : 1.1307674055935353,
    "sentKBytesPerSec" : 0.6779891889756995
  },
  "STEP5_/code" : {
    "transaction" : "STEP5_/code",
    "sampleCount" : 22,
    "errorCount" : 0,
    "errorPct" : 0.0,
    "meanResTime" : 247.86363636363637,
    "medianResTime" : 243.0,
    "minResTime" : 231.0,
    "maxResTime" : 298.0,
    "pct1ResTime" : 283.7,
    "pct2ResTime" : 295.9,
    "pct3ResTime" : 298.0,
    "throughput" : 0.4720017163698777,
    "receivedKBytesPerSec" : 0.49735337105771293,
    "sentKBytesPerSec" : 0.6296848181720661
  }
}